Video ID,Title,Views,Likes,Comments
PLtgIILX7E8,AVATAR Full Movie 2023: Fallen Kingdom | Superhero FXL Action Movies 2023 in English (Game Movie),29362737,149307,913
d9MyW72ELq0,Avatar: The Way of Water | Official Trailer,57494645,1043498,43348
6pHZmBin4Xc,Toruk Macto - AVATAR (4k Movie Clip),1698331,14254,388
5PSNL1qE6VY,Avatar | Official Trailer (HD) | 20th Century FOX,12677269,80897,8934
BY3QEuQ8Mnc,Jake and Neytiri Kiss under the Tree of Voices - AVATAR (4k Movie Clip),2455725,26128,1187
iLmYtr5Db4w,Avatar 2 Full Movie - Hollywood Full Movie 2023 - Full Movies in English ùêÖùêÆùê•ùê• ùêáùêÉ 1080,424889,1388,37
3G6J-ITWekA,Jake Wakes up in his Avatar Body - AVATAR (4k Movie Clip),5195504,22462,654
mdhEj_rG80Y,AVATAR - Movie Behind the Scenes | Making of,1559117,5213,91
ruIFzROJfRY,Avatar - Full Movie (2009),192,3,0
oFErWcXJLdw,TRAINING TO BE IN THE NEXT AVATAR MOVIE,2348754,48246,1647
V67Ytgs6KJo,Avatar: First Movie RECAP,594012,10171,315
u3_Uhq6qxhU,AVATAR: THE LAST AIRBENDER Official First Look (2024) Netflix Live Action Trailer,448404,3832,672
jbncrh_3NfM,The Final Battle (Part 3) - AVATAR (4k Movie Clip),406237,3628,175
Ehf6iESkLMk,Avatar 2: The Way Of Water - All Clips From The Movie (2022),1801089,9324,127
noVddIRzn3o,Sander VS Avatar Jake Sully #sandervs #satisfying #avatar,135987971,1080641,3092
WDFr1O_GeAQ,Avatar (2009) - Best Scenes,2251182,17583,627
0sJeBiUCIt4,AVATAR Clip - Final Battle (2009) James Cameron,31891654,190379,3666
reyjhdQRRcs,AVATAR Clip - &quot;The Tree Of Voices&quot; (2009),3316956,27338,855
Xkw96oC3LnI,First Look at Team Avatar Movie Poster (2025),155952,15719,634
zybXR9aEX8g,First Look at New Avatar Movie Just Leaked,261787,8875,993
2u9ApB0sWxw,AVATAR RECAP: Everything You need to Know Before &quot;Way of Water&quot;,571989,8944,319
Mvt1OWNk_Sg,The Final Battle (Part 1) - AVATAR (4k Movie Clip),379842,3900,180
VjIdoK0xM5E,Neytiri and Jake vs Quaritch - Final Battle Scene - Avatar (2009) Movie Clip HD,982669,3483,85
QOg9LUIvaig,"AVATAR: THE LAST AIRBENDER | Water, Earth, Fire, Air | Netflix",2908664,49579,3605
nsO1isT60h8,Destruction of Home Tree - AVATAR (4k Movie Clip),369900,3037,508
kHNCaWjB-98,Zoe Saldana Performance Capture | AVATAR (2009) Before &amp; After CGI #shorts,23800160,1014137,3152
ZM2k1UmcCXg,AVATAR Clip - &quot;Ikran&quot; (2009),28295392,162929,2200
a8Gx8wiNbs8,Avatar: The Way of Water | Official Teaser Trailer,27570369,683229,29183
SCAiHCvNKhM,Did You Notice This in AVATAR? #shorts,1796207,156421,532
N_c8vTay6-k,Avatar 2 scenepack ‚Äòchild scenes‚Äô,291283,3565,130
ofvrOdrO9gY,Neytiri saves Jake (Ending Scene) - AVATAR (4k Movie Clip),1114611,15345,813
TgT8b62FJRI,Jake Meets Neytiri - AVATAR (4k Movie Clip),240817,3160,145
GlpBGP8HrGE,Avatar The Last Airbender Movie 2025 Teaser Breakdown and Easter Eggs,246282,6163,542
nxjOFZqtLJc,AVATAR 3 Official Trailer (2024) | 20th Century Studios | Disney+,1415238,17874,512
jX-PbtMckJw,I will always choose YOUüíô #avatar #jakesully #neytiri,121434,15472,73
Cimy6T1nczw,Avatar Scenes Without CGI,16065517,120431,1647
f5Zx8iPek5I,Avatar 3 Will Introduce The Dark Sideüî• Of Na&#39;vi‚Ä¶!?üòÆ,7343078,335605,3827
HR2kbOK8i6I,The Last Airbender (2010) - Earthbenders Revolt! Scene (2/10) | Movieclips,9990200,77582,0
cMzwBkBdX6w,Did You Know This in AVATAR: THE WAY OF WATER? #shorts,798373,58232,253
CyUXe8xAx9U,Did you spot this in AVATAR: THE WAY OF WATER,181497,20153,242
Z5u4fqNIo74,Now you‚Äôre in the starsü§ç #avatar #avatar2 #avatarthewayofwater #neteyam,491173,50030,838
zpSueMIfc2k,AVATAR Clip - &quot;Awake&quot; (2009) James Cameron,12969295,53831,753
cP64rRWGxzU,Avatar 3 EXCITING New Details REVEALED..,184689,5234,389
P6sv0RVV27Q,Avatar The Last Airbender Trailer 2024 Netflix Breakdown and Easter Eggs,687684,9085,757
IPQ5vTqqdgE,How Avatar‚Äôs VFX Became So Realistic | Movies Insider | Insider,590667,14772,432
yRR1K9dmhxw,"Behind the scenes of Avatar, Zoe Saldana and Sam Worthington  #avatar #samworthington #zoesaldana",5762121,244953,938
m-aWi-Qv5Tg,Did You Know This in AVATAR: THE WAY OF WATER? #shorts,912768,64475,675
n76KALvTN3Q,Avatar: The Way of Water (2022) - Lo&#39;ak Rush to Save Payakan,1242087,3634,43
Fv3VMhjbgPg,I&#39;ve already chosen! | AVATAR (2009) Before &amp; After CGI #shorts,8988091,531023,1344
Mw192fc8LsQ,Lo&#39;ak &amp; Tsireya - The Way of Water,4420850,22806,238
